brand,name,price_cn,spec,link_cn,link_us,link_hk
asus,B760M-AYW WIFI,,https://www.asus.com/motherboards-components/motherboards/others/b760m-ayw-wifi/techspec/,https://product.pconline.com.cn/mb/asus/2094107.html,https://www.newegg.com/p/1JW-000C-01769?srsltid=AfmBOopAYCv7a-JPbIQrSpXRdlLVDTTEnvGNFDw1bJQpJ2un6EYhNuOc,
asus,H610M-AYW D4,,https://www.asus.com/motherboards-components/motherboards/prime/prime-h610m-a-d4/techspec/,https://product.pconline.com.cn/mb/asus/1940947.html,,
asus,PRIME B650M-K,,https://pangoly.com/en/product/asus-prime-b650m-k,https://product.pconline.com.cn/mb/asus/1961607.html,https://www.newegg.com/p/2MG-000B-006B8?srsltid=AfmBOoqTswd666Ym-nxSsoQQGtgLCnpNfVO8p6hOzLh51ZDsCjcHFK5f,
asus,PRIME B760-PLUS,,https://pangoly.com/en/product/asus-prime-b760-plus,https://product.pconline.com.cn/mb/asus/2094067.html,https://www.newegg.com/asus-prime-b760-plus/p/N82E16813119648?srsltid=AfmBOopui98RleoLjE4GLhb9j5Ey6KUK6F0FwHQLBAJm-WY7R_J6Y_SM,
asus,PRIME B760M-A,,https://pangoly.com/en/product/asus-prime-b760m-a,https://product.pconline.com.cn/mb/asus/1854647.html,https://www.newegg.com/asus-prime-b760m-a/p/N82E16813119649?srsltid=AfmBOopfkIiggWt6hLVW-GD4xVuf3lagIYg5IZK4GC3nPCeFPuMbqlzS,
asus,PRIME B760M-A WIFI D4,,https://pangoly.com/en/product/asus-prime-b760m-a-wifi-d4,https://product.pconline.com.cn/mb/asus/1709167.html,https://www.newegg.com/p/1JW-000C-01794?srsltid=AfmBOornsqKIV7R97aWy7z3Te_TglzTYtqnT7Qnhi16sCMNyLoxhTLK0,
asus,PRIME B760M-K D4,,https://pangoly.com/en/product/asus-prime-b760m-k-d4,https://product.pconline.com.cn/mb/asus/1709307.html,https://www.newegg.com/p/1JW-000C-01705?srsltid=AfmBOorUe6wxEcepNMmSTj3K19S7JHCoOvHExR6E1JuD1erwalmW6K7f,
asus,PRIME H610M-A D4,,https://pangoly.com/en/product/asus-prime-h610m-a-d4,https://product.pconline.com.cn/mb/asus/1468267.html,https://www.newegg.com/p/N82E16813119544?srsltid=AfmBOoo_knwxqyvMzolC4oISpRBwAAWgoIjf1_YcGpPEMnTxw6oA-Ivw,
asus,PRIME H610M-A WIFI,,https://pangoly.com/en/product/asus-prime-h610m-a-wifi-d4,https://product.pconline.com.cn/mb/asus/1961567.html,https://www.newegg.com/p/1JW-000C-017J5?srsltid=AfmBOoo784TB0RsL629WQqWXfX8h2uD4XEAAMkJvt3s-hK2YOmdqnJDM,
asus,PRIME H610M-F D4 R2.0,,https://www.asus.com/motherboards-components/motherboards/prime/prime-h610m-f-d4-r2-0/techspec/,https://product.pconline.com.cn/mb/asus/2164819.html,https://www.newegg.com/p/1JW-000C-013B6?srsltid=AfmBOop0reS3chunNOaQs47r1rFgQ1nurhszTV839AV2gx1GL5tsiMFQ,
asus,PRIME Z790-P,,https://www.asus.com/hk-en/motherboards-components/motherboards/prime/prime-z790-p/techspec/,https://product.pconline.com.cn/mb/asus/2094027.html,https://www.newegg.com/asus-prime-z790-p-wifi-atx-motherboards-intel-intel-z790-lga-1700/p/N82E16813119603?srsltid=AfmBOooW60gQgFlUxyPy-uPX7oU5QIto3bfUxGtar4v4FrIvtYxif0En,
asus,PRIME Z790-P WIFI,,https://pangoly.com/en/product/asus-prime-z790-p-wifi,https://product.pconline.com.cn/mb/asus/2093947.html,https://www.newegg.com/asus-prime-z790-p-wifi-atx-motherboards-intel-intel-z790-lga-1700/p/N82E16813119603?srsltid=AfmBOopBuDwyZTRwpdIjJTUqalpb_h_KQlTt3BNOSbQcj5IgSrQji3j-,
asus,ROG MAXIMUS Z790 APEX ENCORE,,https://pangoly.com/en/product/asus-rog-maximus-z790-apex-encore,https://product.pconline.com.cn/mb/asus/2116867.html,https://www.newegg.com/p/N82E16813119659?srsltid=AfmBOoq2UplkBzN5c8LxNPiA-HDA77e71Ky0MXgBeqBs9f6RjenxNGlL,
asus,ROG MAXIMUS Z790 DARK HERO,,https://pangoly.com/en/product/asus-rog-maximus-z790-dark-hero,https://product.pconline.com.cn/mb/asus/1981107.html,https://www.newegg.com/asus-rog-maximus-z790-dark-hero-atx-motherboard-intel-z790-lga-1700/p/N82E16813119660?srsltid=AfmBOorxlWSAA1MeD4dQxt8gzcnzUY2L1Ao2PK6kVLKW7lji-El0mwHM,
asus,ROG STRIX B760-G GAMING WIFI S,,https://pangoly.com/en/product/asus-rog-strix-b760-g-gaming-wifi,https://product.pconline.com.cn/mb/asus/2125687.html,https://www.newegg.com/p/1JW-000C-01760?srsltid=AfmBOoqPFUFIGfgSqGXvnGfxMpdFyq8z7NWuHgQgcLQJZoVuP16jGKqM,
asus,ROG STRIX Z790-A GAMING WIFI D4,,https://pangoly.com/en/product/asus-rog-strix-z790-a-gaming-wifi-d4,https://product.pconline.com.cn/mb/asus/1647807.html,https://www.newegg.com/asus-rog-strix-z790-a-gaming-wifi-d4/p/N82E16813119600?srsltid=AfmBOoqV9TFt6QyIqtSjEuMxVZUIzgDr4sqV4wPJisjetzkm8-Mv3XBd,
asus,ROG STRIX Z790-A GAMING WIFI S,,https://pangoly.com/en/product/asus-rog-strix-z790-a-gaming-wifi,https://product.pconline.com.cn/mb/asus/1981147.html,https://www.newegg.com/asus-rog-strix-z790-a-gaming-wifi-atx-intel-z790-lga-1700/p/N82E16813119634?srsltid=AfmBOopuOrFPvgwdz2UYcUksbfqDyA-lsx5E-ILZ9BPIU7FD50JAlZWS,
asus,TUF GAMING B650M-E,,https://pangoly.com/en/product/asus-tuf-gaming-b650m-e,https://product.pconline.com.cn/mb/asus/1961687.html,https://www.newegg.com/p/2MG-000B-006C3?srsltid=AfmBOop-IhDh4GbaTUnhYbWkgOBJl-BRgv4AtuXRslnl-vXq8wN6uiBk,
asus,TUF GAMING B660M-PLUS D4,,https://pangoly.com/en/product/asus-tuf-gaming-b660m-plus-d4,https://product.pconline.com.cn/mb/asus/1468287.html,https://www.newegg.com/p/N82E16813119540?srsltid=AfmBOorqMM2w6v-Aa8i5vYd-YMfE3M2BMsDIPkyCFtPhVvFc10ZRb5Ac,
asus,TUF GAMING B660M-PLUS WIFI D4,,https://pangoly.com/en/product/asus-tuf-gaming-b660m-plus-wifi-d4,https://product.pconline.com.cn/mb/asus/1468247.html,https://www.newegg.com/p/N82E16813119540?srsltid=AfmBOordrl3BpEm4ymennPQkOCWW8WlLZrqMiOg-2tu4La4hUsDqI82U,
asus,TUF GAMING B760M-PLUS WIFI II,,https://pangoly.com/en/product/asus-tuf-gaming-b760m-plus-wifi-ii,https://product.pconline.com.cn/mb/asus/2093747.html,https://www.newegg.com/p/N82E16813119670?srsltid=AfmBOordLeCMFU06ChuZpmZ9df0KZDkNi9h5rLPfB5fN_74hREAK8qcP,
asus,TUF GAMING Z790-PRO WIFI,,https://pangoly.com/en/product/asus-tuf-gaming-z790-pro-wifi,https://product.pconline.com.cn/mb/asus/2093827.html,,
asus,PRIME H810M-A-CSM,,https://pangoly.com/en/product/asus-prime-h810m-a-csm,,,
asus,PRIME H810M-A WIFI-CSM,,https://pangoly.com/en/product/asus-prime-h810m-a-wifi-csm,,,
asus,Prime B860M-A WiFi-CSM,,https://pangoly.com/en/product/asus-prime-b860m-a-wifi-csm,,,
asus,PRIME B860-PLUS WIFI,,https://pangoly.com/en/product/asus-prime-b860-plus-wifi,,,
asus,TUF GAMING B860M-PLUS WIFI,,https://pangoly.com/en/product/asus-tuf-gaming-b860m-plus-wifi,,,
asus,ROG STRIX B860-I GAMING WIFI,,https://pangoly.com/en/product/asus-rog-strix-b860-i-gaming-wifi,,,
asus,TUF GAMING B860-PLUS WIFI,,https://pangoly.com/en/product/asus-tuf-gaming-b860-plus-wifi,,,
asus,Prime B840M-A WiFi-CSM,,https://pangoly.com/en/product/asus-prime-b840m-a-wifi-csm,,,
asus,Prime B840-PLUS WiFi,,https://pangoly.com/en/product/asus-prime-b840-plus-wifi,,,
asus,TUF Gaming B850-PLUS WiFi,,https://pangoly.com/en/product/asus-tuf-gaming-b850-plus-wifi,,,
asus,TUF Gaming B850M-PLUS WiFi,,https://pangoly.com/en/product/asus-tuf-gaming-b850m-plus-wifi,,,
asus,ROG Strix B850-A Gaming WiFi,,https://pangoly.com/en/product/asus-rog-strix-b850-a-gaming-wifi,,,
asus,ROG Strix B850-F Gaming WiFi,,https://pangoly.com/en/product/asus-rog-strix-b850-f-gaming-wifi,,,
asus,ROG Strix B850-I Gaming WiFi,,https://pangoly.com/en/product/asus-rog-strix-b850-i-gaming-wifi,,,
asus,TUF Gaming B850M-PLUS,,https://pangoly.com/en/product/asus-tuf-gaming-b850m-plus,,,
asus,ROG Strix B850-E Gaming WiFi,,https://pangoly.com/en/product/asus-rog-strix-b850-e-gaming-wifi,,,
asus,ROG MAXIMUS Z890 HERO BTF,,https://pangoly.com/en/product/asus-rog-maximus-z890-hero-btf,,,
asus,PRIME Z890-P WIFI,,https://pangoly.com/en/product/asus-prime-z890-p-wifi,,,
asus,TUF Gaming Z890-PLUS WiFi,,https://pangoly.com/en/product/asus-tuf-gaming-z890-plus-wifi,,,
asus,TUF Gaming Z890-PRO WiFi,,https://pangoly.com/en/product/asus-tuf-gaming-z890-pro-wifi,,,
asus,ROG STRIX Z890-A GAMING WIFI,,https://pangoly.com/en/product/asus-rog-strix-z890-a-gaming-wifi,,,
asus,ROG Strix Z890-I Gaming WiFi,,https://pangoly.com/en/product/asus-rog-strix-z890-i-gaming-wifi,,,
asus,ROG Strix Z890-E Gaming WiFi,,https://pangoly.com/en/product/asus-rog-strix-z890-e-gaming-wifi,,,
asus,ROG Maximus Z890 Hero,,https://pangoly.com/en/product/asus-rog-maximus-z890-hero,,,
asus,ROG MAXIMUS Z890 APEX,,https://pangoly.com/en/product/asus-rog-maximus-z890-apex,,,
asus,ROG MAXIMUS Z890 EXTREME,,https://pangoly.com/en/product/asus-rog-maximus-z890-extreme,,,
asus,PRIME Z890M-PLUS WIFI,,https://pangoly.com/en/product/asus-prime-z890m-plus-wifi,,,
asus,Z890 AYW GAMING WIFI W,,https://pangoly.com/en/product/asus-z890-ayw-gaming-wifi-w,,,
asus,ROG STRIX Z890-F GAMING WIFI,,https://pangoly.com/en/product/asus-rog-strix-z890-f-gaming-wifi,,,
asus,ProArt Z890-CREATOR WIFI,,https://pangoly.com/en/product/asus-proart-z890-creator-wifi,,,
asus,Prime X870-P WiFi,,https://pangoly.com/en/product/asus-prime-x870-p-wifi,,,
asus,TUF Gaming X870-PLUS WiFi,,https://pangoly.com/en/product/asus-tuf-gaming-x870-plus-wifi,,,
asus,ROG Strix X870-A Gaming WiFi,,https://pangoly.com/en/product/asus-rog-strix-x870-a-gaming-wifi,,,
asus,ROG STRIX X870-I GAMING WIFI,,https://pangoly.com/en/product/asus-rog-strix-x870-i-gaming-wifi,,,
asus,ProArt X870E-CREATOR WiFi,,https://pangoly.com/en/product/asus-proart-x870e-creator-wifi,,,
asus,ROG Strix X870E-E Gaming WiFi,,https://pangoly.com/en/product/asus-rog-strix-x870e-e-gaming-wifi,,,
asus,ROG CROSSHAIR X870E HERO,,https://pangoly.com/en/product/asus-rog-crosshair-x870e-hero,,,
asus,ROG STRIX X870-F GAMING WIFI,,https://pangoly.com/en/product/asus-rog-strix-x870-f-gaming-wifi,,,
asus,PRIME X870-P,,https://pangoly.com/en/product/asus-prime-x870-p,,,
asus,TUF Gaming B760M-BTF WiFi,,https://pangoly.com/en/product/asus-tuf-gaming-b760m-btf-wifi,,,
asus,TUF Gaming Z790-BTF WiFi,,https://pangoly.com/en/product/asus-tuf-gaming-z790-btf-wifi,,,
asus,ROG MAXIMUS Z790 HERO BTF,,https://pangoly.com/en/product/asus-rog-maximus-z790-hero-btf,,,
asus,PRIME A620-PLUS WIFI6,,https://pangoly.com/en/product/asus-prime-a620-plus-wifi6,,,
asus,Pro WS TRX50-SAGE WIFI,,https://pangoly.com/en/product/asus-pro-ws-trx50-sage-wifi,,,
asus,ROG Strix Z790-E Gaming WiFi II,,https://pangoly.com/en/product/asus-rog-strix-z790-e-gaming-wifi-ii,,,
asus,ROG Strix Z790-F Gaming WiFi II,,https://pangoly.com/en/product/asus-rog-strix-z790-f-gaming-wifi-ii,,,
asus,ROG Maximus Z790 Formula,,https://pangoly.com/en/product/asus-rog-maximus-z790-formula,,,
asus,ROG Strix Z790-A Gaming WiFi II,,https://pangoly.com/en/product/asus-rog-strix-z790-a-gaming-wifi-ii,,,
asus,ROG Maximus Z790 Hero EVA-02 Edition,,https://pangoly.com/en/product/asus-rog-maximus-z790-hero-eva-02-edition,,,
asus,Prime A620-PLUS WiFi,,https://pangoly.com/en/product/asus-prime-a620-plus-wifi,,,
asus,ProArt B760-CREATOR WiFi,,https://pangoly.com/en/product/asus-proart-b760-creator-wifi,,,
asus,Pro B650M-CT-CSM,,https://pangoly.com/en/product/asus-pro-b650m-ct-csm,,,
asus,Prime B760M-A AX,,https://pangoly.com/en/product/asus-prime-b760m-a-ax,,,
asus,ROG Strix B760-A Gaming WiFi,,https://pangoly.com/en/product/asus-rog-strix-b760-a-gaming-wifi,,,
asus,TUF Gaming B760M-PLUS WiFi,,https://pangoly.com/en/product/asus-tuf-gaming-b760m-plus-wifi,,,
asus,PRIME Z790M-PLUS,,https://pangoly.com/en/product/asus-prime-z790m-plus,,,
asus,PRIME B650M-A II-CSM,,https://pangoly.com/en/product/asus-prime-b650m-a-ii-csm,,,
asus,ROG Strix Z790-A Gaming WiFi,,https://pangoly.com/en/product/asus-rog-strix-z790-a-gaming-wifi,,,
asus,TUF GAMING B760M-PLUS WIFI D4,,https://pangoly.com/en/product/asus-tuf-gaming-b760m-plus-wifi-d4,,,
asus,PROART B760-CREATOR D4,,https://pangoly.com/en/product/asus-proart-b760-creator-d4,,,
asus,Prime H770-PLUS D4,,https://pangoly.com/en/product/asus-prime-h770-plus-d4,,,
asus,TUF Gaming Z790-Plus WiFi,,https://pangoly.com/en/product/asus-tuf-gaming-z790-plus-wifi,,,
asus,ProArt B650-Creator,,https://pangoly.com/en/product/asus-proart-b650-creator,,,
asus,Prime B650M-A-CSM,,https://pangoly.com/en/product/asus-prime-b650m-a-csm,,,
asus,TUF GAMING Z790-PLUS WIFI D4,,https://pangoly.com/en/product/asus-tuf-gaming-z790-plus-wifi-d4,,,
asus,PRIME Z790M-PLUS D4,,https://pangoly.com/en/product/asus-prime-z790m-plus-d4,,,
asus,PRIME Z790-A WIFI,,https://pangoly.com/en/product/asus-prime-z790-a-wifi,,,
asus,PRIME Z790-P WIFI D4,,https://pangoly.com/en/product/asus-prime-z790-p-wifi-d4,,,
asus,ROG STRIX Z790-E GAMING WIFI,,https://pangoly.com/en/product/asus-rog-strix-z790-e-gaming-wifi,,,
asus,ROG STRIX Z790-F GAMING WIFI,,https://pangoly.com/en/product/asus-rog-strix-z790-f-gaming-wifi,,,
asus,ROG MAXIMUS Z790 HERO,,https://pangoly.com/en/product/asus-rog-maximus-z790-hero,,,
asus,ROG MAXIMUS Z790 EXTREME,,https://pangoly.com/en/product/asus-rog-maximus-z790-extreme,,,
asus,ROG STRIX Z790-I GAMING WIFI,,https://pangoly.com/en/product/asus-rog-strix-z790-i-gaming-wifi,,,
asus,ROG Strix X670E-E Gaming WiFi,,https://pangoly.com/en/product/asus-rog-strix-x670e-e-gaming-wifi,,,
asus,ROG Crosshair X670E Gene,,https://pangoly.com/en/product/asus-rog-crosshair-x670e-gene,,,
asus,ROG Crosshair X670E Hero,,https://pangoly.com/en/product/asus-rog-crosshair-x670e-hero,,,
asus,ROG Crosshair X670E Extreme,,https://pangoly.com/en/product/asus-rog-crosshair-x670e-extreme,,,
asus,Prime B550M-A WiFi II,,https://pangoly.com/en/product/asus-prime-b550m-a-wifi-ii,,,
asus,ROG Maximus Z690 Hero EVA,,https://pangoly.com/en/product/asus-rog-maximus-z690-hero-eva,,,
asus,PRIME H610I-PLUS D4-CSM,,https://pangoly.com/en/product/asus-prime-h610i-plus-d4-csm,,,
asus,Pro Q670M-C-CSM,,https://pangoly.com/en/product/asus-pro-q670m-c-csm,,,
asus,TUF GAMING B550M-PLUS WiFi II,,https://pangoly.com/en/product/asus-tuf-gaming-b550m-plus-wifi-ii,,,
asus,TUF Gaming Z690-Plus WiFi,,https://pangoly.com/en/product/asus-tuf-gaming-z690-plus-wifi,,,
asus,TUF Gaming B660M-E D4,,https://pangoly.com/en/product/asus-tuf-gaming-b660m-e-d4,,,
asus,Prime H670-PLUS D4,,https://pangoly.com/en/product/asus-prime-h670-plus-d4,,,
asus,Prime B660-PLUS D4,,https://pangoly.com/en/product/asus-prime-b660-plus-d4,,,
asus,Prime B660M-A AC D4,,https://pangoly.com/en/product/asus-prime-b660m-a-ac-d4,,,
asus,Prime B660M-A WiFi D4,,https://pangoly.com/en/product/asus-prime-b660m-a-wifi-d4,,,
asus,TUF Gaming H670-PRO WiFi D4,,https://pangoly.com/en/product/asus-tuf-gaming-h670-pro-wifi-d4,,,
asus,PROART B660-CREATOR D4,,https://pangoly.com/en/product/asus-proart-b660-creator-d4,,,
asus,ROG STRIX B660-A GAMING WIFI D4,,https://pangoly.com/en/product/asus-rog-strix-b660-a-gaming-wifi-d4,,,
asus,Prime B660M-A D4,,https://pangoly.com/en/product/asus-prime-b660m-a-d4,,,
asus,ROG Strix Z690-F Gaming WiFi,,https://pangoly.com/en/product/asus-rog-strix-z690-f-gaming-wifi,,,
asus,PRIME Z690-A,,https://pangoly.com/en/product/asus-prime-z690-a,,,
asus,TUF GAMING Z690-PLUS WIFI D4,,https://pangoly.com/en/product/asus-tuf-gaming-z690-plus-wifi-d4,,,
asus,ROG Maximus Z690 Hero,,https://pangoly.com/en/product/asus-rog-maximus-z690-hero,,,
asus,TUF Gaming B550-PLUS WiFi II,,https://pangoly.com/en/product/asus-tuf-gaming-b550-plus-wifi-ii,,,
asus,ROG Strix B550-F Gaming WiFi II,,https://pangoly.com/en/product/asus-rog-strix-b550-f-gaming-wifi-ii,,,
asus,ROG Strix X570-E Gaming WiFi II,,https://pangoly.com/en/product/asus-rog-strix-x570-e-gaming-wifi-ii,,,
gigabyte,B650M H,,https://pangoly.com/en/product/gigabyte-b650m-h,https://product.pconline.com.cn/mb/gigabyte/2022067.html,https://www.newegg.com/gigabyte-b650m-ds3h/p/N82E16813145414?srsltid=AfmBOooxFm4yrZ26sSpOkhandj-E9mlcPWHPO3gj6orEYd607aiJfpQa,
gigabyte,B660M D2H DDR4,,https://pangoly.com/en/product/gigabyte-b660m-d2h-ddr4,https://product.pconline.com.cn/mb/gigabyte/1528527.html,https://www.newegg.com/p/1JW-000J-007Z3?srsltid=AfmBOooJp96ba0Q3MT7AM9N5TEOX6OWRqdRzzwMnmyZ-LO5hUB1o89dv,
gigabyte,B760 GAMING X DDR5,,https://pangoly.com/en/product/gigabyte-b760-gaming-x,https://product.pconline.com.cn/mb/gigabyte/1854307.html,https://www.newegg.com/gigabyte-b760-gaming-x-ax-atx-intel-b760-lga-1700/p/N82E16813145435?srsltid=AfmBOooCXQ4XGFu1Yv15FP9VPnBCj-7AL1yqsBpesNj6n59jdGz1f6up,
gigabyte,B760M AORUS ELITE,,https://pangoly.com/en/product/gigabyte-b760m-aorus-elite,https://product.pconline.com.cn/mb/gigabyte/1710628.html,,
gigabyte,B760M GAMING AC DDR4,,https://pangoly.com/en/product/gigabyte-b760m-gaming-ac-ddr4,https://product.pconline.com.cn/mb/gigabyte/1710968.html,https://www.newegg.com/p/1JW-000J-007F4?srsltid=AfmBOopT4Ba9Tgqy3hZK8dq2o6ylJHhxLbevb01Pr2j8Bm0RirP3qmED,
gigabyte,B760M GAMING DDR4,,https://pangoly.com/en/product/gigabyte-b760m-gaming-ddr4,https://product.pconline.com.cn/mb/gigabyte/1711047.html,https://www.newegg.com/p/1JW-000J-007A0?srsltid=AfmBOooM5mKu4_FCfwxkkzJpX2avBB1Rl_SWzd-BLoUlzxAolsjTrtxR,
gigabyte,B760M GAMING X DDR4,,https://pangoly.com/en/product/gigabyte-b760m-gaming-x-ddr4,https://product.pconline.com.cn/mb/gigabyte/1710927.html,https://www.newegg.com/p/1JW-000J-007M5?srsltid=AfmBOorn0y3QpS3pklWtlfA1_O8fLvaSIY_Vj1u8HiuXupk6ebGPEqXk,
gigabyte,B760M H DDR4,,https://pangoly.com/en/product/gigabyte-b760m-h-ddr4,https://product.pconline.com.cn/mb/gigabyte/1854367.html,https://www.newegg.com/p/1JW-000J-007X6?srsltid=AfmBOopAS3j-6T_31n2UjKFjvQ3AGufNeMmvorqvHZkPYEom4K-QR2bT,
gigabyte,H610M H DDR5,,https://pangoly.com/en/product/gigabyte-h610m-h,https://product.pconline.com.cn/mb/gigabyte/1854327.html,https://www.newegg.com/p/N82E16813145451?srsltid=AfmBOorOoWEHHhSRxXc9NCezdNSzQWwnRo6k1CRAy1eujtSkMd5_H0zk,
gigabyte,H610M S2H DDR4,,https://pangoly.com/en/product/gigabyte-h610m-s2h-ddr4,https://product.pconline.com.cn/mb/gigabyte/1468627.html,https://www.newegg.com/p/N82E16813145371?srsltid=AfmBOoqrXnvHfh85Vupcu5ASXVA_Kl8D9kPTr3ChS0L3q_WdL7hNsWJ1,
gigabyte,Z790 UD AX,,https://pangoly.com/en/product/gigabyte-z790-ud-ax,https://product.pconline.com.cn/mb/gigabyte/1663987.html,https://www.newegg.com/p/N82E16813145436?srsltid=AfmBOorLG34StzgZIzOSfbbgWCXbMSqSXBdsvyRR8eYhAiFgrmvj_4DG,
gigabyte,Z790M AORUS ELITE AX,,https://pangoly.com/en/product/gigabyte-z790m-aorus-elite-ax,https://product.pconline.com.cn/mb/gigabyte/1854287.html,https://www.newegg.com/gigabyte-z790m-aorus-elite-ax-ice-micro-atx-intel-z790-lga-1700/p/N82E16813145503?srsltid=AfmBOop6n-nttPRaAHVXxtxc5VcAUieuNo9y0SEIaNgfMbCpBP_KqWVP,
gigabyte,B860M D3HP,,https://pangoly.com/en/product/gigabyte-b860m-d3hp,,,
gigabyte,B860M DS3H WIFI6E,,https://pangoly.com/en/product/gigabyte-b860m-ds3h-wifi6e,,,
gigabyte,B860M EAGLE PLUS WIFI6E,,https://pangoly.com/en/product/gigabyte-b860m-eagle-plus-wifi6e,,,
gigabyte,B860 EAGLE WIFI6E,,https://pangoly.com/en/product/gigabyte-b860-eagle-wifi6e,,,
gigabyte,B860M GAMING X WIFI6E,,https://pangoly.com/en/product/gigabyte-b860m-gaming-x-wifi6e,,,
gigabyte,B860 GAMING X WIFI6E,,https://pangoly.com/en/product/gigabyte-b860-gaming-x-wifi6e,,,
gigabyte,B860 AORUS ELITE WIFI7 ICE,,https://pangoly.com/en/product/gigabyte-b860-aorus-elite-wifi7-ice,,,
gigabyte,B860M AORUS ELITE WIFI6E,,https://pangoly.com/en/product/gigabyte-b860m-aorus-elite-wifi6e,,,
gigabyte,B860M AORUS ELITE WIFI6E ICE,,https://pangoly.com/en/product/gigabyte-b860m-aorus-elite-wifi6e-ice,,,
gigabyte,B860 DS3H WIFI6E,,https://pangoly.com/en/product/gigabyte-b860-ds3h-wifi6e,,,
gigabyte,B860M DS3H,,https://pangoly.com/en/product/gigabyte-b860m-ds3h,,,
gigabyte,B860I AORUS PRO ICE,,https://pangoly.com/en/product/gigabyte-b860i-aorus-pro-ice,,,
gigabyte,B850M DS3H,,https://pangoly.com/en/product/gigabyte-b850m-ds3h,,,
gigabyte,B850 Eagle WIFI6E,,https://pangoly.com/en/product/gigabyte-b850-eagle-wifi6e,,,
gigabyte,B850M Gaming X WIFI6E,,https://pangoly.com/en/product/gigabyte-b850m-gaming-x-wifi6e,,,
gigabyte,B850 Gaming X WIFI6E,,https://pangoly.com/en/product/gigabyte-b850-gaming-x-wifi6e,,,
gigabyte,B850 Gaming WIFI6,,https://pangoly.com/en/product/gigabyte-b850-gaming-wifi6,,,
gigabyte,B850M AORUS Elite WIFI6E ICE,,https://pangoly.com/en/product/gigabyte-b850m-aorus-elite-wifi6e-ice,,,
gigabyte,B850 AORUS Elite WIFI7,,https://pangoly.com/en/product/gigabyte-b850-aorus-elite-wifi7,,,
gigabyte,B850 AORUS Elite WIFI7 ICE,,https://pangoly.com/en/product/gigabyte-b850-aorus-elite-wifi7-ice,,,
gigabyte,B850I AORUS PRO,,https://pangoly.com/en/product/gigabyte-b850i-aorus-pro,,,
gigabyte,B850M D3HP,,https://pangoly.com/en/product/gigabyte-b850m-d3hp,,,
gigabyte,B850 AI TOP,,https://pangoly.com/en/product/gigabyte-b850-ai-top,,,
gigabyte,Z890 AORUS Elite WIFI7 ICE,,https://pangoly.com/en/product/gigabyte-z890-aorus-elite-wifi7-ice,,,
gigabyte,Z890 UD WIFI6E,,https://pangoly.com/en/product/gigabyte-z890-ud-wifi6e,,,
gigabyte,Z890 Eagle WIFI7,,https://pangoly.com/en/product/gigabyte-z890-eagle-wifi7,,,
gigabyte,Z890M AORUS Elite WIFI7 ICE,,https://pangoly.com/en/product/gigabyte-z890m-aorus-elite-wifi7-ice,,,
gigabyte,Z890 Gaming X WIFI7,,https://pangoly.com/en/product/gigabyte-z890-gaming-x-wifi7,,,
gigabyte,Z890 AORUS Elite WIFI7,,https://pangoly.com/en/product/gigabyte-z890-aorus-elite-wifi7,,,
gigabyte,Z890 AORUS Elite X ICE,,https://pangoly.com/en/product/gigabyte-z890-aorus-elite-x-ice,,,
gigabyte,Z890I AORUS ULTRA,,https://pangoly.com/en/product/gigabyte-z890i-aorus-ultra,,,
gigabyte,Z890 AORUS PRO ICE,,https://pangoly.com/en/product/gigabyte-z890-aorus-pro-ice,,,
gigabyte,Z890 AORUS Master,,https://pangoly.com/en/product/gigabyte-z890-aorus-master,,,
gigabyte,Z890M GAMING X,,https://pangoly.com/en/product/gigabyte-z890m-gaming-x,,,
gigabyte,Z890 AERO G,,https://pangoly.com/en/product/gigabyte-z890-aero-g,,,
gigabyte,Z890 AI TOP,,https://pangoly.com/en/product/gigabyte-z890-ai-top,,,
gigabyte,Z890 AORUS MASTER AI TOP,,https://pangoly.com/en/product/gigabyte-z890-aorus-master-ai-top,,,
gigabyte,Z890 AORUS XTREME AI TOP,,https://pangoly.com/en/product/gigabyte-z890-aorus-xtreme-ai-top,,,
gigabyte,X870 Gaming WIFI6,,https://pangoly.com/en/product/gigabyte-x870-gaming-wifi6,,,
gigabyte,X870 Eagle WIFI7,,https://pangoly.com/en/product/gigabyte-x870-eagle-wifi7,,,
gigabyte,X870 Gaming X WIFI7,,https://pangoly.com/en/product/gigabyte-x870-gaming-x-wifi7,,,
gigabyte,X870 AORUS Elite WIFI7 ICE,,https://pangoly.com/en/product/gigabyte-x870-aorus-elite-wifi7-ice,,,
gigabyte,X870E AORUS Elite WIFI7,,https://pangoly.com/en/product/gigabyte-x870e-aorus-elite-wifi7,,,
gigabyte,X870 AORUS Elite WIFI7,,https://pangoly.com/en/product/gigabyte-x870-aorus-elite-wifi7,,,
gigabyte,X870E AORUS PRO ICE,,https://pangoly.com/en/product/gigabyte-x870e-aorus-pro-ice,,,
gigabyte,X870E AORUS PRO,,https://pangoly.com/en/product/gigabyte-x870e-aorus-pro,,,
gigabyte,X870E AORUS Master,,https://pangoly.com/en/product/gigabyte-x870e-aorus-master,,,
gigabyte,B760M GAMING PLUS WIFI DDR4,,https://pangoly.com/en/product/gigabyte-b760m-gaming-plus-wifi-ddr4,,,
gigabyte,B650M Gaming Plus WiFi,,https://pangoly.com/en/product/gigabyte-b650m-gaming-plus-wifi,,,
gigabyte,Z790M AORUS Elite AX ICE,,https://pangoly.com/en/product/gigabyte-z790m-aorus-elite-ax-ice,,,
gigabyte,B650 Eagle AX,,https://pangoly.com/en/product/gigabyte-b650-eagle-ax,,,
gigabyte,B650 UD AC,,https://pangoly.com/en/product/gigabyte-b650-ud-ac,,,
gigabyte,B650 Gaming X AX V2,,https://pangoly.com/en/product/gigabyte-b650-gaming-x-ax-v2,,,
gigabyte,Z790 Eagle AX,,https://pangoly.com/en/product/gigabyte-z790-eagle-ax,,,
gigabyte,B650E AORUS Elite X AX ICE,,https://pangoly.com/en/product/gigabyte-b650e-aorus-elite-x-ax-ice,,,
gigabyte,Z790 AORUS Xtreme X,,https://pangoly.com/en/product/gigabyte-z790-aorus-xtreme-x,,,
gigabyte,B760M AORUS ELITE X AX,,https://pangoly.com/en/product/gigabyte-b760m-aorus-elite-x-ax,,,
gigabyte,Z790 AORUS Elite AX ICE,,https://pangoly.com/en/product/gigabyte-z790-aorus-elite-ax-ice,,,
gigabyte,Z790 AORUS PRO X,,https://pangoly.com/en/product/gigabyte-z790-aorus-pro-x,,,
gigabyte,B650M D3HP,,https://pangoly.com/en/product/gigabyte-b650m-d3hp,,,
gigabyte,B650M C V2,,https://pangoly.com/en/product/gigabyte-b650m-c-v2,,,
gigabyte,A620I AX,,https://pangoly.com/en/product/gigabyte-a620i-ax,,,
gigabyte,H610I,,https://pangoly.com/en/product/gigabyte-h610i,,,
gigabyte,A620M S2H,,https://pangoly.com/en/product/gigabyte-a620m-s2h,,,
gigabyte,Q670M D3H,,https://pangoly.com/en/product/gigabyte-q670m-d3h,,,
gigabyte,B760M C,,https://pangoly.com/en/product/gigabyte-b760m-c,,,
gigabyte,Z790I AORUS Ultra,,https://pangoly.com/en/product/gigabyte-z790i-aorus-ultra,,,
gigabyte,H610M S2H,,https://pangoly.com/en/product/gigabyte-h610m-s2h,,,
gigabyte,B650M K,,https://pangoly.com/en/product/gigabyte-b650m-k,,,
gigabyte,H610M S2H V2 DDR4,,https://pangoly.com/en/product/gigabyte-h610m-s2h-v2-ddr4,,,
gigabyte,Z790 AORUS ELITE AX,,https://pangoly.com/en/product/gigabyte-z790-aorus-elite-ax,,,
gigabyte,Z790 UD AC,,https://pangoly.com/en/product/gigabyte-z790-ud-ac,,,
gigabyte,Z790 GAMING X AX,,https://pangoly.com/en/product/gigabyte-z790-gaming-x-ax,,,
gigabyte,Z790 AERO G,,https://pangoly.com/en/product/gigabyte-z790-aero-g,,,
gigabyte,Z790 D DDR4,,https://pangoly.com/en/product/gigabyte-z790-d-ddr4,,,
gigabyte,Z790 AORUS ELITE DDR4,,https://pangoly.com/en/product/gigabyte-z790-aorus-elite-ddr4,,,
gigabyte,Z790 AORUS MASTER,,https://pangoly.com/en/product/gigabyte-z790-aorus-master,,,
gigabyte,Z790 AORUS ELITE AX DDR4,,https://pangoly.com/en/product/gigabyte-z790-aorus-elite-ax-ddr4,,,
gigabyte,Z790 UD,,https://pangoly.com/en/product/gigabyte-z790-ud,,,
gigabyte,B650M DS3H,,https://pangoly.com/en/product/gigabyte-b650m-ds3h,,,
gigabyte,B650E AORUS Master,,https://pangoly.com/en/product/gigabyte-b650e-aorus-master,,,
gigabyte,B650 AORUS Elite AX,,https://pangoly.com/en/product/gigabyte-b650-aorus-elite-ax,,,
gigabyte,Z690I AORUS Ultra Plus,,https://pangoly.com/en/product/gigabyte-z690i-aorus-ultra-plus,,,
gigabyte,X570S AORUS Elite,,https://pangoly.com/en/product/gigabyte-x570s-aorus-elite,,,
gigabyte,X570S AORUS Elite AX,,https://pangoly.com/en/product/gigabyte-x570s-aorus-elite-ax,,,
gigabyte,X570SI AORUS PRO AX,,https://pangoly.com/en/product/gigabyte-x570si-aorus-pro-ax,,,
gigabyte,B660 DS3H,,https://pangoly.com/en/product/gigabyte-b660-ds3h,,,
gigabyte,X570S GAMING X,,https://pangoly.com/en/product/gigabyte-x570s-gaming-x,,,
gigabyte,B660M DS3H DDR4,,https://pangoly.com/en/product/gigabyte-b660m-ds3h-ddr4,,,
gigabyte,B660M AORUS PRO AX DDR4,,https://pangoly.com/en/product/gigabyte-b660m-aorus-pro-ax-ddr4,,,
gigabyte,B660 AORUS Master DDR4,,https://pangoly.com/en/product/gigabyte-b660-aorus-master-ddr4,,,
gigabyte,B660M DS3H AX DDR4,,https://pangoly.com/en/product/gigabyte-b660m-ds3h-ax-ddr4,,,
gigabyte,B760M DS3H AX DDR4,,https://pangoly.com/en/product/gigabyte-b760m-ds3h-ax-ddr4,,,
gigabyte,X570S AORUS PRO AX,,https://pangoly.com/en/product/gigabyte-x570s-aorus-pro-ax,,,
gigabyte,Z690 UD DDR4,,https://pangoly.com/en/product/gigabyte-z690-ud-ddr4,,,
gigabyte,Z690 Aorus Elite DDR4,,https://pangoly.com/en/product/gigabyte-z690-aorus-elite-ddr4,,,
gigabyte,Z690 Gaming X DDR4,,https://pangoly.com/en/product/gigabyte-z690-gaming-x-ddr4,,,
gigabyte,Z690 AORUS Elite AX DDR4,,https://pangoly.com/en/product/gigabyte-z690-aorus-elite-ax-ddr4,,,
gigabyte,Z690 UD,,https://pangoly.com/en/product/gigabyte-z690-ud,,,
gigabyte,X570S AORUS MASTER,,https://pangoly.com/en/product/gigabyte-x570s-aorus-master,,,
gigabyte,X570S AERO G,,https://pangoly.com/en/product/gigabyte-x570s-aero-g,,,
gigabyte,B550 VISION D-P,,https://pangoly.com/en/product/gigabyte-b550-vision-d-p,,,
msi,B650M GAMING WIFI,,https://tw.msi.com/Motherboard/B650M-GAMING-WIFI/Specification,https://product.pconline.com.cn/mb/msi/2164779.html,https://www.newegg.com/gigabyte-b650m-gaming-plus-wifi-micro-atx-amd-b650-am5/p/N82E16813145502?srsltid=AfmBOoo0xyIidHkR65Ch2Cu89xp6GeDXekxbUxMssiqhV0lhU9RBklxO,
msi,B760M BOMBER DDR4,,https://tw.msi.com/Motherboard/B760M-BOMBER-DDR4/Specification,https://product.pconline.com.cn/mb/msi/1710087.html,https://www.newegg.com/p/1JW-001M-00GX6?srsltid=AfmBOopTP1aHXf52x2scsfx17hZ9r5Ishgmy7mIS0MWOBdZV55Kf6CZj,
msi,B760M BOMBER WIFI DDR4,,https://tw.msi.com/Motherboard/B760M-BOMBER-WIFI-DDR4/Specification,https://product.pconline.com.cn/mb/msi/2092187.html,https://www.newegg.com/p/1JW-001M-00GX6?srsltid=AfmBOop3Y6aTTRx8g74CobX1aWvVJe1qAnh0wiTGKoF8JTRzD6md4VTO,
msi,B760M BOMBER WIFI DDR5,,https://tw.msi.com/Motherboard/B760M-BOMBER-WIFI/Specification,https://product.pconline.com.cn/mb/msi/1854487.html,https://www.newegg.com/p/1JW-001M-00H02?srsltid=AfmBOootezL82CW-FR_5vO7dKxBl--UnhznVa6LH-dq37R_5Q2HuGMGp,
msi,B760M GAMING PLUS WIFI,,https://pangoly.com/en/product/msi-b760m-gaming-plus-wifi,https://product.pconline.com.cn/mb/msi/2039027.html,https://www.newegg.com/gigabyte-b760m-gaming-plus-wifi-ddr4-micro-atx-intel-b760-lga-1700/p/N82E16813145505?srsltid=AfmBOorE_qAf0DD4S28JmsXWRTmkp9_di1LrVV3pAuPM4-GOz4TfMdnw,
msi,B760M GAMING WIFI DDR5,,https://tw.msi.com/Motherboard/B760M-GAMING-WIFI/Specification,https://product.pconline.com.cn/mb/msi/2092127.html,,
msi,MAG B550M MORTAR WIFI,,https://pangoly.com/en/product/msi-mag-b550m-mortar-wifi,https://product.pconline.com.cn/mb/msi/1284987.html,https://www.newegg.com/msi-mag-b550m-mortar-wifi/p/N82E16813144327?srsltid=AfmBOorU12XxD4fnLhL0u_u-rbJkqZv9qqDTbTutd1XB9j92TlrPDTn1,
msi,MAG B660M MORTAR DDR4,,https://pangoly.com/en/product/msi-mag-b660m-mortar-ddr4,https://product.pconline.com.cn/mb/msi/1468327.html,https://www.newegg.com/p/N82E16813144522?srsltid=AfmBOorD0DHs8YJRTII7BZVu5wlpc4g6vC2jq1dLWjW_G-XHvKxzLOCI,
msi,PRO B650M-E DDR5,,https://www.msi.com/Motherboard/PRO-B650M-E/Specification,https://product.pconline.com.cn/mb/msi/2092147.html,,
msi,PRO B650M-P,,https://pangoly.com/en/product/msi-pro-b650m-p,https://product.pconline.com.cn/mb/msi/1854447.html,https://www.newegg.com/msi-pro-b650m-p-micro-atx-amd-b650-am5/p/N82E16813144607?srsltid=AfmBOoqWN0zAjoQdRepFDwN7oyVv8OWyrtfAyLcsz0vv025yBO3IvInv,
msi,PRO B760M-A DDR4 II,,https://pangoly.com/en/product/msi-pro-b760m-a-wifi-ddr4,https://product.pconline.com.cn/mb/msi/2007187.html,https://www.newegg.com/msi-pro-b760m-a-wifi-ddr4-micro-atx-intel-b760-lga-1700/p/N82E16813144584?srsltid=AfmBOopnc_hd_Vo8blDrWWGRpP05qFs7c1JhBLN16TD86iYhMkDbbp8X,
msi,PRO B760M-B DDR4,,https://tw.msi.com/Motherboard/PRO-B760M-B-DDR4/Specification,https://product.pconline.com.cn/mb/msi/2092167.html,https://www.newegg.com/msi-pro-b760m-p-ddr4-micro-atx-intel-b760-lga-1700/p/N82E16813144597?srsltid=AfmBOorABP9rN904nf4HSsTuZ72u7QoezUd8NQWym-elzFcTnflhzxW3,
msi,PRO B760M-E DDR5,,https://www.msi.com/Motherboard/PRO-B760M-E/Specification,https://product.pconline.com.cn/mb/msi/2039047.html,https://www.newegg.com/p/1JW-001M-00GY8?srsltid=AfmBOoo86bXuz_UmUxFf-3_R09B4G0U9ff8-s-iasT0l_nRIr4bmynSY,
msi,PRO H610M-E DDR4,,https://pangoly.com/en/product/msi-pro-h610m-e-ddr4,https://product.pconline.com.cn/mb/msi/1854467.html,https://www.newegg.com/p/1JW-00MC-000C7?srsltid=AfmBOorX1nWKDg_dV7uTVAIQyK7w8h0ruHhA4WmrGUeO_ei9XAP0tEQt,
msi,PRO H610M-G DDR4,,https://tw.msi.com/Motherboard/PRO-H610M-G-DDR4/Specification,https://product.pconline.com.cn/mb/msi/1528687.html,https://www.newegg.com/msi-pro-h610m-g-ddr4-micro-atx-intel-h610-lga-1700/p/N82E16813144525?srsltid=AfmBOorBTGk8zM75tUdsCxB3YRUOg5zlS_WNICwC2FmK63vXkR0af7fN,
msi,PRO Z790-A MAX WIFI DDR5,,https://pangoly.com/en/product/msi-pro-z790-a-max-wifi,https://product.pconline.com.cn/mb/msi/1975227.html,https://www.newegg.com/msi-pro-z790-a-max-wifi-atx-intel-z790-lga-1700/p/N82E16813144634?srsltid=AfmBOoonvb1Wvf2p7gOidWEJgdNS3xiBv4hW8UzWUI_FjXz6JB0Abex4,
msi,Z790 GAMING PLUS WIFI DDR5,,https://pangoly.com/en/product/msi-z790-gaming-plus-wifi,https://product.pconline.com.cn/mb/msi/2022027.html,https://www.newegg.com/msi-z790-gaming-plus-wifi-atx-intel-z790-lga-1700/p/N82E16813144637?srsltid=AfmBOoo3k8-P_OMQymr9HcxgdPds5nerud_IRnU7pmT1TlegPafqm91a,
msi,PRO B840-P WIFI,,https://pangoly.com/en/product/msi-pro-b840-p-wifi,,,
msi,B840 GAMING PLUS WIFI,,https://pangoly.com/en/product/msi-b840-gaming-plus-wifi,,,
msi,PRO B860M-A WIFI,,https://pangoly.com/en/product/msi-pro-b860m-a-wifi,,,
msi,PRO B860-P WIFI,,https://pangoly.com/en/product/msi-pro-b860-p-wifi,,,
msi,B860M GAMING PLUS WIFI,,https://pangoly.com/en/product/msi-b860m-gaming-plus-wifi,,,
msi,B860 GAMING PLUS WIFI,,https://pangoly.com/en/product/msi-b860-gaming-plus-wifi,,,
msi,MAG B860 TOMAHAWK WIFI,,https://pangoly.com/en/product/msi-mag-b860-tomahawk-wifi,,,
msi,MAG B860M MORTAR WIFI,,https://pangoly.com/en/product/msi-mag-b860m-mortar-wifi,,,
msi,MAG B850 TOMAHAWK MAX WIFI,,https://pangoly.com/en/product/msi-mag-b850-tomahawk-max-wifi,,,
msi,PRO B850-P WIFI,,https://pangoly.com/en/product/msi-pro-b850-p-wifi,,,
msi,B850 GAMING PLUS WIFI,,https://pangoly.com/en/product/msi-b850-gaming-plus-wifi,,,
msi,MPG B850 EDGE TI WIFI,,https://pangoly.com/en/product/msi-mpg-b850-edge-ti-wifi,,,
msi,PRO Z890-S WIFI WHITE,,https://pangoly.com/en/product/msi-pro-z890-s-wifi-white,,,
msi,PRO Z890-S WIFI,,https://pangoly.com/en/product/msi-pro-z890-s-wifi,,,
msi,PRO Z890-P WIFI,,https://pangoly.com/en/product/msi-pro-z890-p-wifi,,,
msi,MAG Z890 TOMAHAWK WIFI,,https://pangoly.com/en/product/msi-mag-z890-tomahawk-wifi,,,
msi,Z890 GAMING PLUS WIFI,,https://pangoly.com/en/product/msi-z890-gaming-plus-wifi,,,
msi,PRO Z890-A WIFI,,https://pangoly.com/en/product/msi-pro-z890-a-wifi,,,
msi,MPG Z890 EDGE TI WIFI,,https://pangoly.com/en/product/msi-mpg-z890-edge-ti-wifi,,,
msi,MPG Z890 CARBON WIFI,,https://pangoly.com/en/product/msi-mpg-z890-carbon-wifi,,,
msi,MEG Z890 ACE,,https://pangoly.com/en/product/msi-meg-z890-ace,,,
msi,MEG Z890 UNIFY-X,,https://pangoly.com/en/product/msi-meg-z890-unify-x,,,
msi,MEG Z890 GODLIKE,,https://pangoly.com/en/product/msi-meg-z890-godlike,,,
msi,PRO X870-P WiFi,,https://pangoly.com/en/product/msi-pro-x870-p-wifi,,,
msi,MAG X870 Tomahawk WiFi,,https://pangoly.com/en/product/msi-mag-x870-tomahawk-wifi,,,
msi,MPG X870E Carbon WiFi,,https://pangoly.com/en/product/msi-mpg-x870e-carbon-wifi,,,
msi,MEG X870E GODLIKE,,https://pangoly.com/en/product/msi-meg-x870e-godlike,,,
msi,MPG Z790 Carbon MAX WiFi II,,https://pangoly.com/en/product/msi-mpg-z790-carbon-max-wifi-ii,,,
msi,PRO B760-VC WiFi IV,,https://pangoly.com/en/product/msi-pro-b760-vc-wifi-iv,,,
msi,PRO Z790-VC WiFi,,https://pangoly.com/en/product/msi-pro-z790-vc-wifi,,,
msi,X670E Gaming Plus WiFi,,https://pangoly.com/en/product/msi-x670e-gaming-plus-wifi,,,
msi,B760M Project Zero,,https://pangoly.com/en/product/msi-b760m-project-zero,,,
msi,B650M Project Zero,,https://pangoly.com/en/product/msi-b650m-project-zero,,,
msi,MAG Z790 Tomahawk MAX WiFi,,https://pangoly.com/en/product/msi-mag-z790-tomahawk-max-wifi,,,
msi,PRO Z790-S WiFi,,https://pangoly.com/en/product/msi-pro-z790-s-wifi,,,
msi,MPG Z790 Edge TI MAX WiFi,,https://pangoly.com/en/product/msi-mpg-z790-edge-ti-max-wifi,,,
msi,B760 GAMING PLUS WIFI,,https://pangoly.com/en/product/msi-b760-gaming-plus-wifi,,,
msi,PRO B760-P WiFi,,https://pangoly.com/en/product/msi-pro-b760-p-wifi,,,
msi,PRO Z790-P WIFI DDR4,,https://pangoly.com/en/product/msi-pro-z790-p-wifi-ddr4,,,
msi,MAG Z790 TOMAHAWK WIFI,,https://pangoly.com/en/product/msi-mag-z790-tomahawk-wifi,,,
msi,PRO Z790-P WIFI,,https://pangoly.com/en/product/msi-pro-z790-p-wifi,,,
msi,MPG Z790 EDGE WIFI,,https://pangoly.com/en/product/msi-mpg-z790-edge-wifi,,,
msi,MAG Z790 TOMAHAWK WIFI DDR4,,https://pangoly.com/en/product/msi-mag-z790-tomahawk-wifi-ddr4,,,
msi,MPG Z790I EDGE WIFI,,https://pangoly.com/en/product/msi-mpg-z790i-edge-wifi,,,
msi,MEG Z790 ACE,,https://pangoly.com/en/product/msi-meg-z790-ace,,,
msi,MPG Z790 CARBON WIFI,,https://pangoly.com/en/product/msi-mpg-z790-carbon-wifi,,,
msi,MPG Z790 EDGE WIFI DDR4,,https://pangoly.com/en/product/msi-mpg-z790-edge-wifi-ddr4,,,
msi,PRO Z790-A WIFI DDR4,,https://pangoly.com/en/product/msi-pro-z790-a-wifi-ddr4,,,
msi,PRO Z790-A WIFI,,https://pangoly.com/en/product/msi-pro-z790-a-wifi,,,
msi,B550 Gaming GEN3,,https://pangoly.com/en/product/msi-b550-gaming-gen3,,,
msi,PRO B550M-VC WiFi,,https://pangoly.com/en/product/msi-pro-b550m-vc-wifi,,,
msi,MAG B660M Bazooka DDR4,,https://pangoly.com/en/product/msi-mag-b660m-bazooka-ddr4,,,
msi,PRO B660M-A WiFi DDR4,,https://pangoly.com/en/product/msi-pro-b660m-a-wifi-ddr4,,,
msi,PRO B660-A DDR4,,https://pangoly.com/en/product/msi-pro-b660-a-ddr4,,,
msi,PRO Z690-A DDR4,,https://pangoly.com/en/product/msi-pro-z690-a-ddr4,,,
msi,PRO Z690-A WIFI DDR4,,https://pangoly.com/en/product/msi-pro-z690-a-wifi-ddr4,,,
msi,MPG Z690 CARBON WIFI,,https://pangoly.com/en/product/msi-mpg-z690-carbon-wifi,,,
msi,PRO Z690-P DDR4,,https://pangoly.com/en/product/msi-pro-z690-p-ddr4,,,
msi,MPG X570S Carbon MAX WiFi,,https://pangoly.com/en/product/msi-mpg-x570s-carbon-max-wifi,,,
msi,MEG X570S ACE MAX,,https://pangoly.com/en/product/msi-meg-x570s-ace-max,,,
msi,MAG X570S Tomahawk MAX WiFi,,https://pangoly.com/en/product/msi-mag-x570s-tomahawk-max-wifi,,,
msi,MPG B550I GAMING EDGE MAX WIFI,,https://pangoly.com/en/product/msi-mpg-b550i-gaming-edge-max-wifi,,,
msi,MAG B550 TORPEDO,,https://pangoly.com/en/product/msi-mag-b550-torpedo,,,
msi,MEG B550 UNIFY,,https://pangoly.com/en/product/msi-meg-b550-unify,,,
msi,MEG B550 Unify-X,,https://pangoly.com/en/product/msi-meg-b550-unify-x,,,
msi,B550M PRO,,https://pangoly.com/en/product/msi-b550m-pro,,,
msi,B550M-A PRO,,https://pangoly.com/en/product/msi-b550m-a-pro,,,
msi,B450I GAMING PLUS MAX WIFI,,https://pangoly.com/en/product/msi-b450i-gaming-plus-max-wifi,,,
msi,MAG A520M VECTOR WIFI,,https://pangoly.com/en/product/msi-mag-a520m-vector-wifi,,,
msi,A520M-A PRO,,https://pangoly.com/en/product/msi-a520m-a-pro,,,
msi,MPG Z490 Carbon EK X,,https://pangoly.com/en/product/msi-mpg-z490-carbon-ek-x,,,
msi,MAG X570 TOMAHAWK WIFI,,https://pangoly.com/en/product/msi-mag-x570-tomahawk-wifi,,,
msi,MPG Z390 Gaming PRO Carbon,,https://pangoly.com/en/product/msi-mpg-z390-gaming-pro-carbon,,,
msi,B550M PRO-VDH WIFI,,https://pangoly.com/en/product/msi-b550m-pro-vdh-wifi,,,
msi,B550-A PRO,,https://pangoly.com/en/product/msi-b550-a-pro,,,
msi,MAG B550M BAZOOKA,,https://pangoly.com/en/product/msi-mag-b550m-bazooka,,,
msi,MPG B550 GAMING PLUS,,https://pangoly.com/en/product/msi-mpg-b550-gaming-plus,,,
msi,MAG B550 TOMAHAWK,,https://pangoly.com/en/product/msi-mag-b550-tomahawk,,,
asrock,B860M-X,,https://pangoly.com/en/product/asrock-b860m-x,,,
asrock,B860 Pro-A,,https://pangoly.com/en/product/asrock-b860-pro-a,,,
asrock,B860M-X WiFi,,https://pangoly.com/en/product/asrock-b860m-x-wifi,,,
asrock,B860 Pro RS,,https://pangoly.com/en/product/asrock-b860-pro-rs,,,
asrock,B860 Pro-A WiFi,,https://pangoly.com/en/product/asrock-b860-pro-a-wifi,,,
asrock,B860 Pro RS WiFi,,https://pangoly.com/en/product/asrock-b860-pro-rs-wifi,,,
asrock,B860I WiFi,,https://pangoly.com/en/product/asrock-b860i-wifi,,,
asrock,B860M LiveMixer WiFi,,https://pangoly.com/en/product/asrock-b860m-livemixer-wifi,,,
asrock,B860M Steel Legend WiFi,,https://pangoly.com/en/product/asrock-b860m-steel-legend-wifi,,,
asrock,B860 LiveMixer WiFi,,https://pangoly.com/en/product/asrock-b860-livemixer-wifi,,,
asrock,B860 Steel Legend WiFi,,https://pangoly.com/en/product/asrock-b860-steel-legend-wifi,,,
asrock,B860M Lightning WiFi,,https://pangoly.com/en/product/asrock-b860m-lightning-wifi,,,
asrock,B860 Lightning WiFi,,https://pangoly.com/en/product/asrock-b860-lightning-wifi,,,
asrock,B860I Lightning WiFi,,https://pangoly.com/en/product/asrock-b860i-lightning-wifi,,,
asrock,B860M-H2,,https://pangoly.com/en/product/asrock-b860m-h2,,,
asrock,B860M Pro-A,,https://pangoly.com/en/product/asrock-b860m-pro-a,,,
asrock,B860M Pro RS,,https://pangoly.com/en/product/asrock-b860m-pro-rs,,,
asrock,B860M Pro-A WiFi,,https://pangoly.com/en/product/asrock-b860m-pro-a-wifi,,,
asrock,B860M Pro RS WiFi,,https://pangoly.com/en/product/asrock-b860m-pro-rs-wifi,,,
asrock,B850M-X,,https://pangoly.com/en/product/asrock-b850m-x,,,
asrock,B850M Pro-A,,https://pangoly.com/en/product/asrock-b850m-pro-a,,,
asrock,B850M Pro RS,,https://pangoly.com/en/product/asrock-b850m-pro-rs,,,
asrock,B850 Pro-A,,https://pangoly.com/en/product/asrock-b850-pro-a,,,
asrock,B850M Steel Legend WiFi,,https://pangoly.com/en/product/asrock-b850m-steel-legend-wifi,,,
asrock,B850 Pro RS,,https://pangoly.com/en/product/asrock-b850-pro-rs,,,
asrock,B850 Pro-A WiFi,,https://pangoly.com/en/product/asrock-b850-pro-a-wifi,,,
asrock,B850 Pro RS WiFi,,https://pangoly.com/en/product/asrock-b850-pro-rs-wifi,,,
asrock,B850M Riptide WiFi,,https://pangoly.com/en/product/asrock-b850m-riptide-wifi,,,
asrock,B850 LiveMixer WiFi,,https://pangoly.com/en/product/asrock-b850-livemixer-wifi,,,
asrock,B850 Steel Legend WiFi,,https://pangoly.com/en/product/asrock-b850-steel-legend-wifi,,,
asrock,B850 Riptide WiFi,,https://pangoly.com/en/product/asrock-b850-riptide-wifi,,,
asrock,B850I Lightning WiFi,,https://pangoly.com/en/product/asrock-b850i-lightning-wifi,,,
asrock,B850M Pro RS WiFi,,https://pangoly.com/en/product/asrock-b850m-pro-rs-wifi,,,
asrock,B850M-X WiFi,,https://pangoly.com/en/product/asrock-b850m-x-wifi,,,
asrock,B850M Pro-A WiFi,,https://pangoly.com/en/product/asrock-b850m-pro-a-wifi,,,
asrock,Z890 Pro RS,,https://pangoly.com/en/product/asrock-z890-pro-rs,,,
asrock,Z890 Pro-A,,https://pangoly.com/en/product/asrock-z890-pro-a,,,
asrock,Z890 Pro-A WiFi,,https://pangoly.com/en/product/asrock-z890-pro-a-wifi,,,
asrock,Z890M Riptide WiFi,,https://pangoly.com/en/product/asrock-z890m-riptide-wifi,,,
asrock,Z890 Pro RS WiFi White,,https://pangoly.com/en/product/asrock-z890-pro-rs-wifi-white,,,
asrock,Z890 Pro RS WiFi,,https://pangoly.com/en/product/asrock-z890-pro-rs-wifi,,,
asrock,Z890 LiveMixer WiFi,,https://pangoly.com/en/product/asrock-z890-livemixer-wifi,,,
asrock,Z890 Steel Legend WiFi,,https://pangoly.com/en/product/asrock-z890-steel-legend-wifi,,,
asrock,Z890 Lightning WiFi,,https://pangoly.com/en/product/asrock-z890-lightning-wifi,,,
asrock,Z890I Nova WiFi,,https://pangoly.com/en/product/asrock-z890i-nova-wifi,,,
asrock,Z890 Riptide WiFi,,https://pangoly.com/en/product/asrock-z890-riptide-wifi,,,
asrock,Z890 Nova WiFi,,https://pangoly.com/en/product/asrock-z890-nova-wifi,,,
asrock,Z890 Taichi Lite,,https://pangoly.com/en/product/asrock-z890-taichi-lite,,,
asrock,Z890 Taichi,,https://pangoly.com/en/product/asrock-z890-taichi,,,
asrock,Z890 Taichi OCF,,https://pangoly.com/en/product/asrock-z890-taichi-ocf,,,
asrock,Z890 Taichi Aqua,,https://pangoly.com/en/product/asrock-z890-taichi-aqua,,,
asrock,X870 Pro RS,,https://pangoly.com/en/product/asrock-x870-pro-rs,,,
asrock,X870 Pro RS WiFi,,https://pangoly.com/en/product/asrock-x870-pro-rs-wifi,,,
asrock,X870 Steel Legend WiFi,,https://pangoly.com/en/product/asrock-x870-steel-legend-wifi,,,
asrock,X870 Riptide WiFi,,https://pangoly.com/en/product/asrock-x870-riptide-wifi,,,
asrock,X870E Nova WiFi,,https://pangoly.com/en/product/asrock-x870e-nova-wifi,,,
asrock,X870E Taichi Lite,,https://pangoly.com/en/product/asrock-x870e-taichi-lite,,,
asrock,X870E Taichi,,https://pangoly.com/en/product/asrock-x870e-taichi,,,
asrock,B760M PG Lightning WiFi,,https://pangoly.com/en/product/asrock-b760m-pg-lightning-wifi,,,
asrock,B760M-H/M.2,,https://pangoly.com/en/product/asrock-b760m-h-m-2,,,
asrock,B550M-HVS SE,,https://pangoly.com/en/product/asrock-b550m-hvs-se,,,
asrock,B760M-HDV/M.2,,https://pangoly.com/en/product/asrock-b760m-hdv-m-2,,,
asrock,H610M-HDV/M.2+ D5,,https://pangoly.com/en/product/asrock-h610m-hdv-m-2-d5,,,
asrock,Z790M PG LIGHTNING/D4,,https://pangoly.com/en/product/asrock-z790m-pg-lightning-d4,,,
asrock,Z790 PRO RS/D4,,https://pangoly.com/en/product/asrock-z790-pro-rs-d4,,,
asrock,Z790 LiveMixer,,https://pangoly.com/en/product/asrock-z790-livemixer,,,
asrock,Z790 PRO RS,,https://pangoly.com/en/product/asrock-z790-pro-rs,,,
asrock,Z790 PG LIGHTNING,,https://pangoly.com/en/product/asrock-z790-pg-lightning,,,
asrock,Z790 PG RIPTIDE,,https://pangoly.com/en/product/asrock-z790-pg-riptide,,,
asrock,Z790 PG Lightning/D4,,https://pangoly.com/en/product/asrock-z790-pg-lightning-d4,,,
asrock,Z790M-ITX WIFI,,https://pangoly.com/en/product/asrock-z790m-itx-wifi,,,
asrock,Z790 TAICHI CARRARA,,https://pangoly.com/en/product/asrock-z790-taichi-carrara,,,
asrock,Z790 PG-ITX/TB4,,https://pangoly.com/en/product/asrock-z790-pg-itx-tb4,,,
asrock,Z790 STEEL LEGEND WIFI,,https://pangoly.com/en/product/asrock-z790-steel-legend-wifi,,,
asrock,Z790 TAICHI,,https://pangoly.com/en/product/asrock-z790-taichi,,,
asrock,B650 PRO RS,,https://pangoly.com/en/product/asrock-b650-pro-rs,,,
asrock,B650M PG RIPTIDE,,https://pangoly.com/en/product/asrock-b650m-pg-riptide,,,
asrock,B650 PG LIGHTNING,,https://pangoly.com/en/product/asrock-b650-pg-lightning,,,
asrock,B650E PG Riptide WiFi,,https://pangoly.com/en/product/asrock-b650e-pg-riptide-wifi,,,
asrock,Z790 PG SONIC,,https://pangoly.com/en/product/asrock-z790-pg-sonic,,,
asrock,H570 STEEL LEGEND,,https://pangoly.com/en/product/asrock-h570-steel-legend,,,
asrock,H570 PHANTOM GAMING 4,,https://pangoly.com/en/product/asrock-h570-phantom-gaming-4,,,
asrock,X570D4U,,https://pangoly.com/en/product/asrock-x570d4u,,,
asrock,H570M PRO4,,https://pangoly.com/en/product/asrock-h570m-pro4,,,
asrock,H570M-ITX/AC,,https://pangoly.com/en/product/asrock-h570m-itx-ac,,,
asrock,A520M PRO4,,https://pangoly.com/en/product/asrock-a520m-pro4,,,
asrock,X570 PG VELOCITA,,https://pangoly.com/en/product/asrock-x570-pg-velocita,,,
asrock,B550M Phantom Gaming 4,,https://pangoly.com/en/product/asrock-b550m-phantom-gaming-4,,,
asrock,X570D4U-2L2T,,https://pangoly.com/en/product/asrock-x570d4u-2l2t,,,
asrock,B550M/AC,,https://pangoly.com/en/product/asrock-b550m-ac,,,
asrock,A520M-HDV,,https://pangoly.com/en/product/asrock-a520m-hdv,,,
asrock,A520M-ITX/AC,,https://pangoly.com/en/product/asrock-a520m-itx-ac,,,
asrock,A520M/AC,,https://pangoly.com/en/product/asrock-a520m-ac,,,
asrock,Rack Z490D4U-2L2T,,https://pangoly.com/en/product/asrock-rack-z490d4u-2l2t,,,
asrock,B550M-HDV,,https://pangoly.com/en/product/asrock-b550m-hdv,,,
asrock,B550 PHANTOM GAMING 4,,https://pangoly.com/en/product/asrock-b550-phantom-gaming-4,,,
asrock,B550 Phantom Gaming 4/ac,,https://pangoly.com/en/product/asrock-b550-phantom-gaming-4-ac,,,
asrock,B550M PRO4,,https://pangoly.com/en/product/asrock-b550m-pro4,,,
asrock,B550M STEEL LEGEND,,https://pangoly.com/en/product/asrock-b550m-steel-legend,,,